{
    "ResNet-50": {
        "best_val_acc": 98.39506172839506,
        "final_train_acc": 99.39153439153439,
        "final_val_acc": 98.39506172839506
    },
    "EfficientNet-B0": {
        "best_val_acc": 98.12345679012346,
        "final_train_acc": 99.51851851851852,
        "final_val_acc": 98.12345679012346
    },
    "test_accuracy": 97.82716049382717,
    "test_f1_score": 0.9782350845688468
}